Comment,MessageTag
"Staff was very accommodating","CustomerService"
"Received regular updates during service","Communication"
"Booking system is user-friendly","Booking"
"Sales process was transparent","Sales"
"Maintenance team explained repairs clearly","Maintenance"
"Product features matched expectations","ProductInfo"
"Delivery team was punctual","Delivery"
"Documentation was complete and accurate","Documentation"
"Customer support was available 24/7","CustomerService"
"Appointment reminders were helpful","Communication"
"Sales representative was knowledgeable","Sales"
"Booking changes were handled smoothly","Booking"
"Maintenance was completed ahead of schedule","Maintenance"
"Product brochure was informative","ProductInfo"
"Delivery tracking was easy to use","Delivery"
"Documentation process was straightforward","Documentation"
"Customer service resolved my query quickly","CustomerService"
"Communication channels were easily accessible","Communication"
"Sales team provided excellent guidance","Sales"
"Booking confirmation was immediate","Booking"
"Maintenance staff were courteous","Maintenance"
"Product warranty details were clear","ProductInfo"
"Delivery was completed without delays","Delivery"
"Documentation was easy to understand","Documentation"
"Customer service followed up after purchase","CustomerService"
"Communication was prompt and professional","Communication"
"Sales team answered all my questions","Sales"
"Booking process was seamless","Booking"
"Maintenance advice was helpful","Maintenance"
"Product demo was impressive","ProductInfo"
"Delivery instructions were clear","Delivery"
"Documentation included all necessary forms","Documentation"
"Customer service was friendly","CustomerService"
"Communication was consistent","Communication"
"Sales process was efficient","Sales"
"Booking slots were flexible","Booking"
"Maintenance team was knowledgeable","Maintenance"
"Product information was accurate","ProductInfo"
"Delivery staff were polite","Delivery"
"Documentation was provided on time","Documentation"
"Customer service exceeded expectations","CustomerService"
"Communication was easy","Communication"
"Sales team was responsive","Sales"
"Booking confirmation was quick","Booking"
"Maintenance was thorough","Maintenance"
"Product features were explained well","ProductInfo"
"Delivery was smooth","Delivery"
"Documentation was comprehensive","Documentation"
"Customer service was available","CustomerService"
"Communication was clear","Communication"
"Sales process was straightforward","Sales"
"Booking was simple","Booking"
"Maintenance team was prompt","Maintenance"
"Product info was detailed","ProductInfo"
"Delivery was reliable","Delivery"
"Documentation was accurate","Documentation"
"Customer service was excellent","CustomerService"
"Communication was effective","Communication"
"Sales team was helpful","Sales"
"Booking was efficient","Booking"
"Maintenance was professional","Maintenance"
"Product features were as described","ProductInfo"
"Delivery was on time","Delivery"
"Documentation was complete","Documentation"
"Customer service was supportive","CustomerService"
"Communication was timely","Communication"
"Sales process was smooth","Sales"
"Booking was convenient","Booking"
"Maintenance team explained everything","Maintenance"
"Product brochure was clear","ProductInfo"
"Delivery tracking was accurate","Delivery"
"Documentation was straightforward","Documentation"
"Customer service resolved issues quickly","CustomerService"
"Communication channels were open","Communication"
"Sales team provided good advice","Sales"
"Booking confirmation was immediate","Booking"
"Maintenance was done efficiently","Maintenance"
"Product info matched expectations","ProductInfo"
"Delivery team was punctual","Delivery"
"Documentation was easy to follow","Documentation"
"Customer service was attentive","CustomerService"
"Communication was accessible","Communication"
"Sales team was knowledgeable","Sales"
"Booking changes were handled well","Booking"
"Maintenance was completed ahead of time","Maintenance"
"Product brochure was informative","ProductInfo"
"Delivery tracking was easy","Delivery"
"Documentation process was simple","Documentation"
"Customer service was quick","CustomerService"
"Communication was straightforward","Communication"
"Sales team provided guidance","Sales"
"Booking confirmation was fast","Booking"
"Maintenance was thorough and quick","Maintenance"
"Product features were clear","ProductInfo"
"Delivery was prompt","Delivery"
"Documentation was detailed","Documentation"
"Customer service was reliable","CustomerService"
"Communication was smooth","Communication"
"Sales process was transparent","Sales"
"Booking was user-friendly","Booking"
"Maintenance team was skilled","Maintenance"
"Product info was comprehensive","ProductInfo"
"Delivery was efficient","Delivery"
"Documentation was provided quickly","Documentation"
"Customer service was available 24/7","CustomerService"
"Communication was regular","Communication"
"Sales team was excellent","Sales"
"Booking was flexible","Booking"
"Maintenance advice was clear","Maintenance"
"Product demo was useful","ProductInfo"
"Delivery instructions were easy to follow","Delivery"
"Documentation included all details","Documentation"
"Customer service was friendly and helpful","CustomerService"
"Communication was professional","Communication"
"Sales team answered questions","Sales"
"Booking process was easy","Booking"
"Maintenance team was courteous and skilled","Maintenance"
"Product warranty was explained","ProductInfo"
"Delivery was completed on time","Delivery"
"Documentation was easy to understand and complete","Documentation"
"Customer service was prompt and efficient","CustomerService"
"Communication was clear and concise","Communication"
"Sales team provided detailed information","Sales"
"Booking was straightforward","Booking"
"Maintenance team was professional","Maintenance"
"Product info was easy to access","ProductInfo"
"Delivery was on schedule","Delivery"
"Documentation was thorough","Documentation"
"Customer service was knowledgeable","CustomerService"
"Communication was responsive","Communication"
"Sales process was easy to follow","Sales"
"Booking confirmation was accurate","Booking"
"Maintenance was completed quickly","Maintenance"
"Product features were well described","ProductInfo"
"Delivery staff were courteous","Delivery"
"Documentation was organized","Documentation"
"Customer service was available when needed","CustomerService"
"Communication was timely and effective","Communication"
"Sales team was attentive","Sales"
"Booking was flexible and convenient","Booking"
"Maintenance advice was practical","Maintenance"
"Product demo was informative","ProductInfo"
"Delivery tracking was reliable","Delivery"
"Documentation was complete and easy to follow","Documentation"
"Customer service was supportive and friendly","CustomerService"
"Communication channels were open and accessible","Communication"
"Sales team provided excellent support","Sales"
"Booking process was efficient and quick","Booking"
"Maintenance team explained all repairs","Maintenance"
"Product brochure was detailed","ProductInfo"
"Delivery was smooth and on time","Delivery"
"Documentation was accurate and comprehensive","Documentation"
"Customer service resolved issues promptly","CustomerService"
"Communication was consistent and clear","Communication"
"Sales process was transparent and easy","Sales"
"Booking slots were available","Booking"
"Maintenance was thorough and professional","Maintenance"
"Product info matched the description","ProductInfo"
"Delivery instructions were clear and helpful","Delivery"
"Documentation was provided on time and complete","Documentation"
"Customer service exceeded my expectations","CustomerService"
"Communication was easy and effective","Communication"
"Sales team was knowledgeable and helpful","Sales"
"Booking confirmation was immediate and accurate","Booking"
"Maintenance staff were courteous and skilled","Maintenance"
"Product features were explained clearly","ProductInfo"
"Delivery was reliable and prompt","Delivery"
"Documentation was easy to understand and use","Documentation"
"Customer service was available 24/7 and responsive","CustomerService"
"Communication was prompt and professional","Communication"
"Sales team answered all questions thoroughly","Sales"
"Booking process was seamless and efficient","Booking"
"Maintenance advice was helpful and clear","Maintenance"
"Product demo was impressive and informative","ProductInfo"
"Delivery tracking was easy to use and accurate","Delivery"
"Documentation included all necessary forms and details","Documentation"
"Customer service followed up after purchase and was helpful","CustomerService"
"Communication channels were easily accessible and open","Communication"
"Sales team provided excellent guidance and support","Sales"
"Booking confirmation was quick and accurate","Booking"
"Maintenance team was knowledgeable and courteous","Maintenance"
"Product information was accurate and detailed","ProductInfo"
"Delivery staff were polite and professional","Delivery"
"Documentation was provided quickly and was comprehensive","Documentation"
"Customer service was friendly and supportive","CustomerService"
"Communication was regular and effective","Communication"
"Sales process was smooth and transparent","Sales"
"Booking was user-friendly and efficient","Booking"
"Maintenance team was skilled and prompt","Maintenance"
"Product info was comprehensive and clear","ProductInfo"
"Delivery was efficient and reliable","Delivery"
"Documentation was easy to follow and complete","Documentation"
"Customer service was excellent and attentive","CustomerService"
"Communication was effective and professional","Communication"
"Sales team was helpful and knowledgeable","Sales"
"Booking was convenient and flexible","Booking"
"Maintenance was professional and thorough","Maintenance"
"Product features were as described and useful","ProductInfo"
"Delivery was on time and smooth","Delivery"
"Documentation was complete and accurate","Documentation"
"Customer service was supportive and quick","CustomerService"
"Communication was timely and accessible","Communication"
"Sales process was efficient and easy","Sales"
"Booking was simple and quick","Booking"
"Maintenance team explained everything clearly","Maintenance"
"Product brochure was clear and informative","ProductInfo"
"Delivery tracking was accurate and easy to use","Delivery"
"Documentation process was straightforward and simple","Documentation"
"Customer service resolved issues quickly and efficiently","CustomerService"
"Communication channels were open and responsive","Communication"
"Sales team provided good advice and support","Sales"
"Booking confirmation was immediate and reliable","Booking"
"Maintenance was done efficiently and professionally","Maintenance"
"Product info matched expectations and was detailed","ProductInfo"
"Delivery team was punctual and professional","Delivery"
"Documentation was easy to follow and understand","Documentation"
"Customer service was attentive and friendly","CustomerService"
"Communication was accessible and clear","Communication"
"Sales team was knowledgeable and responsive","Sales"
"Booking changes were handled well and quickly","Booking"
"Maintenance was completed ahead of time and efficiently","Maintenance"
"Product brochure was informative and clear","ProductInfo"
"Delivery tracking was easy and accurate","Delivery"
"Documentation process was simple and straightforward","Documentation"
"Customer service was quick and reliable","CustomerService"
"Communication was straightforward and professional","Communication"
"Sales team provided guidance and support","Sales"
"Booking confirmation was fast and accurate","Booking"
"Maintenance was thorough and quick","Maintenance"
"Product features were clear and well explained","ProductInfo"
"Delivery was prompt and reliable","Delivery"
"Documentation was detailed and comprehensive","Documentation"
"Customer service was reliable and available","CustomerService"
"Communication was smooth and effective","Communication"
"Sales process was transparent and efficient","Sales"
"Booking was user-friendly and flexible","Booking"
"Maintenance team was skilled and courteous","Maintenance"
"Product info was comprehensive and accurate","ProductInfo"
"Delivery was efficient and on time","Delivery"
"Documentation was provided quickly and was complete","Documentation"
"Customer service was available 24/7 and helpful","CustomerService"
"Communication was regular and professional","Communication"
"Sales team was excellent and knowledgeable","Sales"
"Booking was flexible and convenient","Booking"
"Maintenance advice was clear and helpful","Maintenance"
"Product demo was useful and informative","ProductInfo"
"Delivery instructions were easy to follow and clear","Delivery"
"Documentation included all details and forms","Documentation"
"Customer service was friendly and helpful","CustomerService"
"Communication was professional and effective","Communication"
"Sales team answered questions and provided support","Sales"
"Booking process was easy and efficient","Booking"
"Maintenance team was courteous and skilled","Maintenance"
"Product warranty was explained and clear","ProductInfo"
"Delivery was completed on time and smoothly","Delivery"
"Documentation was easy to understand and complete","Documentation"
"Customer service was prompt and friendly","CustomerService"
"Communication was clear and timely","Communication"
"Sales team provided detailed answers","Sales"
"Booking was straightforward and quick","Booking"
"Maintenance team was professional and knowledgeable","Maintenance"
"Product info was easy to access and understand","ProductInfo"
"Delivery was on schedule and reliable","Delivery"
"Documentation was thorough and organized","Documentation"
"Customer service was knowledgeable and supportive","CustomerService"
"Communication was responsive and effective","Communication"
"Sales process was easy to follow and transparent","Sales"
"Booking confirmation was accurate and immediate","Booking"
"Maintenance was completed quickly and efficiently","Maintenance"
"Product features were well described and clear","ProductInfo"
"Delivery staff were courteous and professional","Delivery"
"Documentation was organized and comprehensive","Documentation"
"Customer service was available when needed and helpful","CustomerService"
"Communication was timely and effective","Communication"
"Sales team was attentive and knowledgeable","Sales"
"Booking was flexible and convenient","Booking"
"Maintenance advice was practical and clear","Maintenance"
"Product demo was informative and useful","ProductInfo"
"Delivery tracking was reliable and easy to use","Delivery"
"Documentation was complete and easy to follow","Documentation"
"Customer service was supportive and friendly","CustomerService"
"Communication channels were open and accessible","Communication"
"Sales team provided excellent support and guidance","Sales"
"Booking process was efficient and quick","Booking"
"Maintenance team explained all repairs clearly","Maintenance"
"Product brochure was detailed and informative","ProductInfo"
"Delivery was smooth and on time","Delivery"
"Documentation was accurate and comprehensive","Documentation"
"Customer service resolved issues promptly and efficiently","CustomerService"
"Communication was consistent and clear","Communication"
"Sales process was transparent and easy","Sales"
"Booking slots were available and flexible","Booking"
"Maintenance was thorough and professional","Maintenance"
"Product info matched the description and expectations","ProductInfo"
"Delivery instructions were clear and helpful","Delivery"
"Documentation was provided on time and was complete","Documentation"
"Customer service exceeded my expectations and was friendly","CustomerService"
"Communication was easy and effective","Communication"
"Sales team was knowledgeable and helpful","Sales"
"Booking confirmation was immediate and accurate","Booking"
"Maintenance staff were courteous and skilled","Maintenance"
"Product features were explained clearly and thoroughly","ProductInfo"
"Delivery was reliable and prompt","Delivery"
"Documentation was easy to understand and use","Documentation"
"Customer service was available 24/7 and responsive","CustomerService"
"Communication was prompt and professional","Communication"
"Sales team answered all questions thoroughly and clearly","Sales"
"Booking process was seamless and efficient","Booking"
"Maintenance advice was helpful and clear","Maintenance"
"Product demo was impressive and informative","ProductInfo"
"Delivery tracking was easy to use and accurate","Delivery"
"Documentation included all necessary forms and details","Documentation"
"Customer service followed up after purchase and was helpful","CustomerService"
"Communication channels were easily accessible and open","Communication"
"Sales team provided excellent guidance and support","Sales"
"Booking confirmation was quick and accurate","Booking"
"Maintenance team was knowledgeable and courteous","Maintenance"
"Product information was accurate and detailed","ProductInfo"
"Delivery staff were polite and professional","Delivery"
"Documentation was provided quickly and was comprehensive","Documentation"
"Customer service was friendly and supportive","CustomerService"
"Communication was regular and effective","Communication"
"Sales process was smooth and transparent","Sales"
"Booking was user-friendly and efficient","Booking"
"Maintenance team was skilled and prompt","Maintenance"
"Product info was comprehensive and clear","ProductInfo"
"Delivery was efficient and reliable","Delivery"
"Documentation was easy to follow and complete","Documentation"
"Customer service was excellent and attentive","CustomerService"
"Communication was effective and professional","Communication"
"Sales team was helpful and knowledgeable","Sales"
"Booking was convenient and flexible","Booking"
"Maintenance was professional and thorough","Maintenance"
"Product features were as described and useful","ProductInfo"
"Delivery was on time and smooth","Delivery"
"Documentation was complete and accurate","Documentation"
"Customer service was supportive and quick","CustomerService"
"Communication was timely and accessible","Communication"
"Sales process was efficient and easy","Sales"
"Booking was simple and quick","Booking"
"Maintenance team explained everything clearly","Maintenance"
"Product brochure was clear and informative","ProductInfo"
"Delivery tracking was accurate and easy to use","Delivery"
"Documentation process was straightforward and simple","Documentation"
"Customer service resolved issues quickly and efficiently","CustomerService"
"Communication channels were open and responsive","Communication"
"Sales team provided good advice and support","Sales"
"Booking confirmation was immediate and reliable","Booking"
"Maintenance was done efficiently and professionally","Maintenance"
"Product info matched expectations and was detailed","ProductInfo"
"Delivery team was punctual and professional","Delivery"
"Documentation was easy to follow and understand","Documentation"
"Customer service was attentive and friendly","CustomerService"
"Communication was accessible and clear","Communication"
"Sales team was knowledgeable and responsive","Sales"
"Booking changes were handled well and quickly","Booking"
"Maintenance was completed ahead of time and efficiently","Maintenance"
"Product brochure was informative and clear","ProductInfo"
"Delivery tracking was easy and accurate","Delivery"
"Documentation process was simple and straightforward","Documentation"
"Customer service was quick and reliable","CustomerService"
"Communication was straightforward and professional","Communication"
"Sales team provided guidance and support","Sales"
"Booking confirmation was fast and accurate","Booking"
"Maintenance was thorough and quick","Maintenance"
"Product features were clear and well explained","ProductInfo"
"Delivery was prompt and reliable","Delivery"
"Documentation was detailed and comprehensive","Documentation"
"Customer service was reliable and available","CustomerService"
"Communication was smooth and effective","Communication"
"Sales process was transparent and efficient","Sales"
"Booking was user-friendly and flexible","Booking"
"Maintenance team was skilled and courteous","Maintenance"
"Product info was comprehensive and accurate","ProductInfo"
"Delivery was efficient and on time","Delivery"
"Documentation was provided quickly and was complete","Documentation"
"Customer service was available 24/7 and helpful","CustomerService"
"Communication was regular and professional","Communication"
"Sales team was excellent and knowledgeable","Sales"
"Booking was flexible and convenient","Booking"
"Maintenance advice was clear and helpful","Maintenance"
"Product demo was useful and informative","ProductInfo"
"Delivery instructions were easy to follow and clear","Delivery"
"Documentation included all details and forms","Documentation"
"Customer service was friendly and helpful","CustomerService"
"Communication was professional and effective","Communication"
"Sales team answered questions and provided support","Sales"
"Booking process was easy and efficient","Booking"
"Maintenance team was courteous and skilled","Maintenance"
"Product warranty was explained and clear","ProductInfo"
"Delivery was completed on time and smoothly","Delivery"
"Documentation was easy to understand and complete","Documentation"
"Customer service was prompt and efficient","CustomerService"
"Communication was clear and concise","Communication"
"Sales team provided detailed information","Sales"
"Booking was straightforward","Booking"
"Maintenance team was professional","Maintenance"
"Product info was easy to access","ProductInfo"
"Delivery was on schedule","Delivery"
"Documentation was thorough","Documentation"
"Customer service was knowledgeable","CustomerService"
"Communication was responsive","Communication"
"Sales process was easy to follow","Sales"
"Booking confirmation was accurate","Booking"
"Maintenance was completed quickly","Maintenance"
"Product features were well described","ProductInfo"
"Delivery staff were courteous","Delivery"
"Documentation was organized","Documentation"
"Customer service was available when needed","CustomerService"
"Communication was timely and effective","Communication"
"Sales team was attentive","Sales"
"Booking was flexible and convenient","Booking"
"Maintenance advice was practical","Maintenance"
"Product demo was informative","ProductInfo"
"Delivery tracking was reliable","Delivery"
"Documentation was complete and easy to follow","Documentation"
"Customer service was supportive and friendly","CustomerService"
"Communication channels were open and accessible","Communication"
"Sales team provided excellent support","Sales"
"Booking process was efficient and quick","Booking"
"Maintenance team explained all repairs","Maintenance"
"Product brochure was detailed","ProductInfo"
"Delivery was smooth and on time","Delivery"
"Documentation was accurate and comprehensive","Documentation"
"Customer service resolved issues promptly","CustomerService"
"Communication was consistent and clear","Communication"
"Sales process was transparent and easy","Sales"
"Booking slots were available","Booking"
"Maintenance was thorough and professional","Maintenance"
"Product info matched the description","ProductInfo"
"Delivery instructions were clear and helpful","Delivery"
"Documentation was provided on time and complete","Documentation"
"Customer service exceeded my expectations","CustomerService"
"Communication was easy and effective","Communication"
"Sales team was knowledgeable and helpful","Sales"
"Booking confirmation was immediate and accurate","Booking"
"Maintenance staff were courteous and skilled","Maintenance"
"Product features were explained clearly","ProductInfo"
"Delivery was reliable and prompt","Delivery"
"Documentation was easy to understand and use","Documentation"
"Customer service was available 24/7 and responsive","CustomerService"
"Communication was prompt and professional","Communication"
"Sales team answered all questions thoroughly","Sales"
"Booking process was seamless and efficient","Booking"
"Maintenance advice was helpful and clear","Maintenance"
"Product demo was impressive and informative","ProductInfo"
"Delivery tracking was easy to use and accurate","Delivery"
"Documentation included all necessary forms and details","Documentation"
"Customer service followed up after purchase and was helpful","CustomerService"
"Communication channels were easily accessible and open","Communication"
"Sales team provided excellent guidance and support","Sales"
"Booking confirmation was quick and accurate","Booking"
"Maintenance team was knowledgeable and courteous","Maintenance"
"Product information was accurate and detailed","ProductInfo"
"Delivery staff were polite and professional","Delivery"
"Documentation was provided quickly and was comprehensive","Documentation"
"Customer service was friendly and supportive","CustomerService"
"Communication was regular and effective","Communication"
"Sales process was smooth and transparent","Sales"
"Booking was user-friendly and efficient","Booking"
"Maintenance team was skilled and prompt","Maintenance"
"Product info was comprehensive and clear","ProductInfo"
"Delivery was efficient and reliable","Delivery"
"Documentation was easy to follow and complete","Documentation"
"Customer service was excellent and attentive","CustomerService"
"Communication was effective and professional","Communication"
"Sales team was helpful and knowledgeable","Sales"
"Booking was convenient and flexible","Booking"
"Maintenance was professional and thorough","Maintenance"
"Product features were as described and useful","ProductInfo"
"Delivery was on time and smooth","Delivery"
"Documentation was complete and accurate","Documentation"
"Customer service was supportive and quick","CustomerService"
"Communication was timely and accessible","Communication"
"Sales process was efficient and easy","Sales"
"Booking was simple and quick","Booking"
"Maintenance team explained everything clearly","Maintenance"
"Product brochure was clear and informative","ProductInfo"
"Delivery tracking was accurate and easy to use","Delivery"
"Documentation process was straightforward and simple","Documentation"
"Customer service resolved issues quickly and efficiently","CustomerService"
"Communication channels were open and responsive","Communication"
"Sales team provided good advice and support","Sales"
"Booking confirmation was immediate and reliable","Booking"
"Maintenance was done efficiently and professionally","Maintenance"
"Product info matched expectations and was detailed","ProductInfo"
"Delivery team was punctual and professional","Delivery"
"Documentation was easy to follow and understand","Documentation"
"Customer service was attentive and friendly","CustomerService"
"Communication was accessible and clear","Communication"
"Sales team was knowledgeable and responsive","Sales"
"Booking changes were handled well and quickly","Booking"
"Maintenance was completed ahead of time and efficiently","Maintenance"
"Product brochure was informative and clear","ProductInfo"
"Delivery tracking was easy and accurate","Delivery"
"Documentation process was simple and straightforward","Documentation"
"Customer service was quick and reliable","CustomerService"
"Communication was straightforward and professional","Communication"
"Sales team provided guidance and support","Sales"
"Booking confirmation was fast and accurate","Booking"
"Maintenance was thorough and quick","Maintenance"
"Product features were clear and well explained","ProductInfo"
"Delivery was prompt and reliable","Delivery"
"Documentation was detailed and comprehensive","Documentation"
"Customer service was reliable and available","CustomerService"
"Communication was smooth and effective","Communication"
"Sales process was transparent and efficient","Sales"
"Booking was user-friendly and flexible","Booking"
"Maintenance team was skilled and courteous","Maintenance"
"Product info was comprehensive and accurate","ProductInfo"
"Delivery was efficient and on time","Delivery"
"Documentation was provided quickly and was complete","Documentation"
"Customer service was available 24/7 and helpful","CustomerService"
"Communication was regular and professional","Communication"
"Sales team was excellent and knowledgeable","Sales"
"Booking was flexible and convenient","Booking"
"Maintenance advice was clear and helpful","Maintenance"
"Product demo was useful and informative","ProductInfo"
"Delivery instructions were easy to follow and clear","Delivery"
"Documentation included all details and forms","Documentation"
"Customer service was friendly and helpful","CustomerService"
"Communication was professional and effective","Communication"
"Sales team answered questions and provided support","Sales"
"Booking process was easy and efficient","Booking"
"Maintenance team was courteous and skilled","Maintenance"
"Product warranty was explained and clear","ProductInfo"
"Delivery was completed on time and smoothly","Delivery"
"Documentation was easy to understand and complete","Documentation"
"Customer service was prompt and friendly","CustomerService"
"Communication was clear and timely","Communication"
"Sales team provided detailed answers","Sales"
"Booking was straightforward and quick","Booking"
"Maintenance team was professional and knowledgeable","Maintenance"
"Product info was easy to access and understand","ProductInfo"
"Delivery was on schedule and reliable","Delivery"
"Documentation was thorough and organized","Documentation"
"Customer service was knowledgeable and supportive","CustomerService"
"Communication was responsive and effective","Communication"
"Sales process was easy to follow and transparent","Sales"
"Booking confirmation was accurate and immediate","Booking"
"Maintenance was completed quickly and efficiently","Maintenance"
"Product features were well described and clear","ProductInfo"
"Delivery staff were courteous and professional","Delivery"
"Documentation was organized and comprehensive","Documentation"
"Customer service was available when needed and helpful","CustomerService"
"Communication was timely and effective","Communication"
"Sales team was attentive and knowledgeable","Sales"
"Booking was flexible and convenient","Booking"
"Maintenance advice was practical and clear","Maintenance"
"Product demo was informative and useful","ProductInfo"
"Delivery tracking was reliable and easy to use","Delivery"
"Documentation was complete and easy to follow","Documentation"
"Customer service was supportive and friendly","CustomerService"
"Communication channels were open and accessible","Communication"
"Sales team provided excellent support and guidance","Sales"
"Booking process was efficient and quick","Booking"
"Maintenance team explained all repairs clearly","Maintenance"
"Product brochure was detailed and informative","ProductInfo"
"Delivery was smooth and on time","Delivery"
"Documentation was accurate and comprehensive","Documentation"
"Customer service resolved issues promptly and efficiently","CustomerService"
"Communication was consistent and clear","Communication"
"Sales process was transparent and easy","Sales"
"Booking slots were available and flexible","Booking"
"Maintenance was thorough and professional","Maintenance"
"Product info matched the description and expectations","ProductInfo"
"Delivery instructions were clear and helpful","Delivery"
"Documentation was provided on time and was complete","Documentation"
"Customer service exceeded my expectations and was friendly","CustomerService"
"Communication was easy and effective","Communication"
"Sales team was knowledgeable and helpful","Sales"
"Booking confirmation was immediate and accurate","Booking"
"Maintenance staff were courteous and skilled","Maintenance"
"Product features were explained clearly and thoroughly","ProductInfo"
"Delivery was reliable and prompt","Delivery"
"Documentation was easy to understand and use","Documentation"
"Customer service was available 24/7 and responsive","CustomerService"
"Communication was prompt and professional","Communication"
"Sales team answered all questions thoroughly and clearly","Sales"
"Booking process was seamless and efficient","Booking"
"Maintenance advice was helpful and clear","Maintenance"
"Product demo was impressive and informative","ProductInfo"
"Delivery tracking was easy to use and accurate","Delivery"
"Documentation included all necessary forms and details","Documentation"
"Customer service followed up after purchase and was helpful","CustomerService"
"Communication channels were easily accessible and open","Communication"
"Sales team provided excellent guidance and support","Sales"
"Booking confirmation was quick and accurate","Booking"
"Maintenance team was knowledgeable and courteous","Maintenance"
"Product information was accurate and detailed","ProductInfo"
"Delivery staff were polite and professional","Delivery"
"Documentation was provided quickly and was comprehensive","Documentation"
"Customer service was friendly and supportive","CustomerService"
"Communication was regular and effective","Communication"
"Sales process was smooth and transparent","Sales"
"Booking was user-friendly and efficient","Booking"
"Maintenance team was skilled and prompt","Maintenance"
"Product info was comprehensive and clear","ProductInfo"
"Delivery was efficient and reliable","Delivery"
"Documentation was easy to follow and complete","Documentation"
"Customer service was excellent and attentive","CustomerService"
"Communication was effective and professional","Communication"
"Sales team was helpful and knowledgeable","Sales"
"Booking was convenient and flexible","Booking"
"Maintenance was professional and thorough","Maintenance"
"Product features were as described and useful","ProductInfo"
"Delivery was on time and smooth","Delivery"
"Documentation was complete and accurate","Documentation"
"Customer service was supportive and quick","CustomerService"
"Communication was timely and accessible","Communication"
"Sales process was efficient and easy","Sales"
"Booking was simple and quick","Booking"
"Maintenance team explained everything clearly","Maintenance"
"Product brochure was clear and informative","ProductInfo"
"Delivery tracking was accurate and easy to use","Delivery"
"Documentation process was straightforward and simple","Documentation"
"Customer service resolved issues quickly and efficiently","CustomerService"
"Communication channels were open and responsive","Communication"
"Sales team provided good advice and support","Sales"
"Booking confirmation was immediate and reliable","Booking"
"Maintenance was done efficiently and professionally","Maintenance"
"Product info matched expectations and was detailed","ProductInfo"
"Delivery team was punctual and professional","Delivery"
"Documentation was easy to follow and understand","Documentation"
"Customer service was attentive and friendly","CustomerService"
"Communication was accessible and clear","Communication"
"Sales team was knowledgeable and responsive","Sales"
"Booking changes were handled well and quickly","Booking"
"Maintenance was completed ahead of time and efficiently","Maintenance"
"Product brochure was informative and clear","ProductInfo"
"Delivery tracking was easy and accurate","Delivery"
"Documentation process was simple and straightforward","Documentation"
"Customer service was quick and reliable","CustomerService"
"Communication was straightforward and professional","Communication"
"Sales team provided guidance and support","Sales"
"Booking confirmation was fast and accurate","Booking"
"Maintenance was thorough and quick","Maintenance"
"Product features were clear and well explained","ProductInfo"
"Delivery was prompt and reliable","Delivery"
"Documentation was detailed and comprehensive","Documentation"
"Customer service was reliable and available","CustomerService"
"Communication was smooth and effective","Communication"
"Sales process was transparent and efficient","Sales"
"Booking was user-friendly and flexible","Booking"
"Maintenance team was skilled and courteous","Maintenance"
"Product info was comprehensive and accurate","ProductInfo"
"Delivery was efficient and on time","Delivery"
"Documentation was provided quickly and was complete","Documentation"
"Customer service was available 24/7 and helpful","CustomerService"
"Communication was regular and professional","Communication"
"Sales team was excellent and knowledgeable","Sales"
"Booking was flexible and convenient","Booking"
"Maintenance advice was clear and helpful","Maintenance"
"Product demo was useful and informative","ProductInfo"
"Delivery instructions were easy to follow and clear","Delivery"
"Documentation included all details and forms","Documentation"
"Customer service was friendly and helpful","CustomerService"
"Communication was professional and effective","Communication"
"Sales team answered questions and provided support","Sales"
"Booking process was easy and efficient","Booking"
"Maintenance team was courteous and skilled","Maintenance"
"Product warranty was explained and clear","ProductInfo"
"Delivery was completed on time and smoothly","Delivery"
"Documentation was easy to understand and complete","Documentation"
"Customer service was prompt and friendly","CustomerService"
"Communication was clear and timely","Communication"
"Sales team provided detailed answers","Sales"
"Booking was straightforward and quick","Booking"
"Maintenance team was professional and knowledgeable","Maintenance"
"Product info was easy to access and understand","ProductInfo"
"Delivery was on schedule and reliable","Delivery"
"Documentation was thorough and organized","Documentation"
"Customer service was knowledgeable and supportive","CustomerService"
"Communication was responsive and effective","Communication"
"Sales process was easy to follow and transparent","Sales"
"Booking confirmation was accurate and immediate","Booking"
"Maintenance was completed quickly and efficiently","Maintenance"
"Product features were well described and clear","ProductInfo"
"Delivery staff were courteous and professional","Delivery"
"Documentation was organized and comprehensive","Documentation"
"Customer service was available when needed and helpful","CustomerService"
"Communication was timely and effective","Communication"
"Sales team was attentive and knowledgeable","Sales"
"Booking was flexible and convenient","Booking"
"Maintenance advice was practical and clear","Maintenance"
"Product demo was informative and useful","ProductInfo"
"Delivery tracking was reliable and easy to use","Delivery"
"Documentation was complete and easy to follow","Documentation"
"Customer service was supportive and friendly","CustomerService"
"Communication channels were open and accessible","Communication"
"Sales team provided excellent support and guidance","Sales"
"Booking process was efficient and quick","Booking"
"Maintenance team explained all repairs clearly","Maintenance"
"Product brochure was detailed and informative","ProductInfo"
"Delivery was smooth and on time","Delivery"
"Documentation was accurate and comprehensive","Documentation"
"Customer service resolved issues promptly and efficiently","CustomerService"
"Communication was consistent and clear","Communication"
"Sales process was transparent and easy","Sales"
"Booking slots were available and flexible","Booking"
"Maintenance was thorough and professional","Maintenance"
"Product info matched the description and expectations","ProductInfo"
"Delivery instructions were clear and helpful","Delivery"
"Documentation was provided on time and was complete","Documentation"
"Customer service exceeded my expectations and was friendly","CustomerService"
"Communication was easy and effective","Communication"
"Sales team was knowledgeable and helpful","Sales"
"Booking confirmation was immediate and accurate","Booking"
"Maintenance staff were courteous and skilled","Maintenance"
"Product features were explained clearly and thoroughly","ProductInfo"
"Delivery was reliable and prompt","Delivery"
"Documentation was easy to understand and use","Documentation"
"Customer service was available 24/7 and responsive","CustomerService"
"Communication was prompt and professional","Communication"
"Sales team answered all questions thoroughly and clearly","Sales"
"Booking process was seamless and efficient","Booking"
"Maintenance advice was helpful and clear","Maintenance"
"Product demo was impressive and informative","ProductInfo"
"Delivery tracking was easy to use and accurate","Delivery"
"Documentation included all necessary forms and details","Documentation"
"Customer service followed up after purchase and was helpful","CustomerService"
"Communication channels were easily accessible and open","Communication"
"Sales team provided excellent guidance and support","Sales"
"Booking confirmation was quick and accurate","Booking"
"Maintenance team was knowledgeable and courteous","Maintenance"
"Product information was accurate and detailed","ProductInfo"
"Delivery staff were polite and professional","Delivery"
"Documentation was provided quickly and was comprehensive","Documentation"
"Customer service was friendly and supportive","CustomerService"
"Communication was regular and effective","Communication"
"Sales process was smooth and transparent","Sales"
"Booking was user-friendly and efficient","Booking"
"Maintenance team was skilled and prompt","Maintenance"
"Product info was comprehensive and clear","ProductInfo"
"Delivery was efficient and reliable","Delivery"
"Documentation was easy to follow and complete","Documentation"
"Customer service was excellent and attentive","CustomerService"
"Communication was effective and professional","Communication"
"Sales team was helpful and knowledgeable","Sales"
"Booking was convenient and flexible","Booking"
"Maintenance was professional and thorough","Maintenance"
"Product features were as described and useful","ProductInfo"
"Delivery was on time and smooth","Delivery"
"Documentation was complete and accurate","Documentation"
"Customer service was supportive and quick","CustomerService"
"Communication was timely and accessible","Communication"
"Sales process was efficient and easy","Sales"
"Booking was simple and quick","Booking"
"Maintenance team explained everything clearly","Maintenance"
"Product brochure was clear and informative","ProductInfo"
"Delivery tracking was accurate and easy to use","Delivery"
"Documentation process was straightforward and simple","Documentation"
"Customer service resolved issues quickly and efficiently","CustomerService"
"Communication channels were open and responsive","Communication"
"Sales team provided good advice and support","Sales"
"Booking confirmation was immediate and reliable","Booking"
"Maintenance was done efficiently and professionally","Maintenance"
"Product info matched expectations and was detailed","ProductInfo"
"Delivery team was punctual and professional","Delivery"
"Documentation was easy to follow and understand","Documentation"
"Customer service was attentive and friendly","CustomerService"
"Communication was accessible and clear","Communication"
"Sales team was knowledgeable and responsive","Sales"
"Booking changes were handled well and quickly","Booking"
"Maintenance was completed ahead of time and efficiently","Maintenance"
"Product brochure was informative and clear","ProductInfo"
"Delivery tracking was easy and accurate","Delivery"
"Documentation process was simple and straightforward","Documentation"
"Customer service was quick and reliable","CustomerService"
"Communication was straightforward and professional","Communication"
"Sales team provided guidance and support","Sales"
"Booking confirmation was fast and accurate","Booking"
"Maintenance was thorough and quick","Maintenance"
"Product features were clear and well explained","ProductInfo"
"Delivery was prompt and reliable","Delivery"
"Documentation was detailed and comprehensive","Documentation"
"Customer service was reliable and available","CustomerService"
"Communication was smooth and effective","Communication"
"Sales process was transparent and efficient","Sales"
"Booking was user-friendly and flexible","Booking"
"Maintenance team was skilled and courteous","Maintenance"
"Product info was comprehensive and accurate","ProductInfo"
"Delivery was efficient and on time","Delivery"
"Documentation was provided quickly and was complete","Documentation"
"Customer service was available 24/7 and helpful","CustomerService"
"Communication was regular and professional","Communication"
"Sales team was excellent and knowledgeable","Sales"
"Booking was flexible and convenient","Booking"
"Maintenance advice was clear and helpful","Maintenance"
"Product demo was useful and informative","ProductInfo"
"Delivery instructions were easy to follow and clear","Delivery"
"Documentation included all details and forms","Documentation"
"Customer service was friendly and helpful","CustomerService"
"Communication was professional and effective","Communication"
"Sales team answered questions and provided support","Sales"
"Booking process was easy and efficient","Booking"
"Maintenance team was courteous and skilled","Maintenance"
"Product warranty was explained and clear","ProductInfo"
"Delivery was completed on time and smoothly","Delivery"
"Documentation was easy to understand and complete","Documentation"
"Customer service was prompt and friendly","CustomerService"
"Communication was clear and timely","Communication"
"Sales team provided detailed answers","Sales"
"Booking was straightforward and quick","Booking"
"Maintenance team was professional and knowledgeable","Maintenance"
"Product info was easy to access and understand","ProductInfo"
"Delivery was on schedule and reliable","Delivery"
"Documentation was thorough and organized","Documentation"
"Customer service was knowledgeable and supportive","CustomerService"
"Communication was responsive and effective","Communication"
"Sales process was easy to follow and transparent","Sales"
"Booking confirmation was accurate and immediate","Booking"
"Maintenance was completed quickly and efficiently","Maintenance"
"Product features were well described and clear","ProductInfo"
"Delivery staff were courteous and professional","Delivery"
"Documentation was organized and comprehensive","Documentation"
"Customer service was available when needed and helpful","CustomerService"
"Communication was timely and effective","Communication"
"Sales team was attentive and knowledgeable","Sales"
"Booking was flexible and convenient","Booking"
"Maintenance advice was practical and clear","Maintenance"
"Product demo was informative and useful","ProductInfo"
"Delivery tracking was reliable and easy to use","Delivery"
"Documentation was complete and easy to follow","Documentation"
"Customer service was supportive and friendly","CustomerService"
"Communication channels were open and accessible","Communication"
"Sales team provided excellent support and guidance","Sales"
"Booking process was efficient and quick","Booking"
"Maintenance team explained all repairs clearly","Maintenance"
"Product brochure was detailed and informative","ProductInfo"
"Delivery was smooth and on time","Delivery"
"Documentation was accurate and comprehensive","Documentation"
"Customer service resolved issues promptly and efficiently","CustomerService"
"Communication was consistent and clear","Communication"
"Sales process was transparent and easy","Sales"
"Booking slots were available and flexible","Booking"
"Maintenance was thorough and professional","Maintenance"
"Product info matched the description and expectations","ProductInfo"
"Delivery instructions were clear and helpful","Delivery"
"Documentation was provided on time and was complete","Documentation"
"Customer service exceeded my expectations and was friendly","CustomerService"
"Communication was easy and effective","Communication"
"Sales team was knowledgeable and helpful","Sales"
"Booking confirmation was immediate and accurate","Booking"
"Maintenance staff were courteous and skilled","Maintenance"
"Product features were explained clearly and thoroughly","ProductInfo"
"Delivery was reliable and prompt","Delivery"
"Documentation was easy to understand and use","Documentation"
"Customer service was available 24/7 and responsive","CustomerService"
"Communication was prompt and professional","Communication"
"Sales team answered all questions thoroughly and clearly","Sales"
"Booking process was seamless and efficient","Booking"
"Maintenance advice was helpful and clear","Maintenance"
"Product demo was impressive and informative","ProductInfo"
"Delivery tracking was easy to use and accurate","Delivery"
"Documentation included all necessary forms and details","Documentation"
"Customer service followed up after purchase and was helpful","CustomerService"
"Communication channels were easily accessible and open","Communication"
"Sales team provided excellent guidance and support","Sales"
"Booking confirmation was quick and accurate","Booking"
"Maintenance team was knowledgeable and courteous","Maintenance"
"Product information was accurate and detailed","ProductInfo"
"Delivery staff were polite and professional","Delivery"
"Documentation was provided quickly and was comprehensive","Documentation"
"Customer service was friendly and supportive","CustomerService"
"Communication was regular and effective","Communication"
"Sales process was smooth and transparent","Sales"
"Booking was user-friendly and efficient","Booking"
"Maintenance team was skilled and prompt","Maintenance"
"Product info was comprehensive and clear","ProductInfo"
"Delivery was efficient and reliable","Delivery"
"Documentation was easy to follow and complete","Documentation"
"Customer service was excellent and attentive","CustomerService"
"Communication was effective and professional","Communication"
"Sales team was helpful and knowledgeable","Sales"
"Booking was convenient and flexible","Booking"
"Maintenance was professional and thorough","Maintenance"
"Product features were as described and useful","ProductInfo"
"Delivery was on time and smooth","Delivery"
"Documentation was complete and accurate","Documentation"
"Customer service was supportive and quick","CustomerService"
"Communication was timely and accessible","Communication"
"Sales process was efficient and easy","Sales"
"Booking was simple and quick","Booking"
"Maintenance team explained everything clearly","Maintenance"
"Product brochure was clear and informative","ProductInfo"
"Delivery tracking was accurate and easy to use","Delivery"
"Documentation process was straightforward and simple","Documentation"
"Customer service resolved issues quickly and efficiently","CustomerService"
"Communication channels were open and responsive","Communication"
"Sales team provided good advice and support","Sales"
"Booking confirmation was immediate and reliable","Booking"
"Maintenance was done efficiently and professionally","Maintenance"
"Product info matched expectations and was detailed","ProductInfo"
"Delivery team was punctual and professional","Delivery"
"Documentation was easy to follow and understand","Documentation"
"Customer service was attentive and friendly","CustomerService"
"Communication was accessible and clear","Communication"
"Sales team was knowledgeable and responsive","Sales"
"Booking changes were handled well and quickly","Booking"
"Maintenance was completed ahead of time and efficiently","Maintenance"
"Product brochure was informative and clear","ProductInfo"
"Delivery tracking was easy and accurate","Delivery"
"Documentation process was simple and straightforward","Documentation"
"Customer service was quick and reliable","CustomerService"
"Communication was straightforward and professional","Communication"
"Sales team provided guidance and support","Sales"
"Booking confirmation was fast and accurate","Booking"
"Maintenance was thorough and quick","Maintenance"
"Product features were clear and well explained","ProductInfo"
"Delivery was prompt and reliable","Delivery"
"Documentation was detailed and comprehensive","Documentation"
"Customer service was reliable and available","CustomerService"
"Communication was smooth and effective","Communication"
"Sales process was transparent and efficient","Sales"
"Booking was user-friendly and flexible","Booking"
"Maintenance team was skilled and courteous","Maintenance"
"Product info was comprehensive and accurate","ProductInfo"
"Delivery was efficient and on time","Delivery"
"Documentation was provided quickly and was complete","Documentation"
"Customer service was available 24/7 and helpful","CustomerService"
"Communication was regular and professional","Communication"
"Sales team was excellent and knowledgeable","Sales"
"Booking was flexible and convenient","Booking"
"Maintenance advice was clear and helpful","Maintenance"
"Product demo was useful and informative","ProductInfo"
"Delivery instructions were easy to follow and clear","Delivery"
"Documentation included all details and forms","Documentation"
"Customer service was friendly and helpful","CustomerService"
"Communication was professional and effective","Communication"
"Sales team answered questions and provided support","Sales"
"Booking process was easy and efficient","Booking"
"Maintenance team was courteous and skilled","Maintenance"
"Product warranty was explained and clear","ProductInfo"
"Delivery was completed on time and smoothly","Delivery"
"Documentation was easy to understand and complete","Documentation"
"Customer service was prompt and friendly","CustomerService"
"Communication was clear and timely","Communication"
"Sales team provided detailed answers","Sales"
"Booking was straightforward and quick","Booking"
"Maintenance team was professional and knowledgeable","Maintenance"
"Product info was easy to access and understand","ProductInfo"
"Delivery was on schedule and reliable","Delivery"
"Documentation was thorough and organized","Documentation"
"Customer service was knowledgeable and supportive","CustomerService"
"Communication was responsive and effective","Communication"
"Sales process was easy to follow and transparent","Sales"
"Booking confirmation was accurate and immediate","Booking"
"Maintenance was completed quickly and efficiently","Maintenance"
"Product features were well described and clear","ProductInfo"
"Delivery staff were courteous and professional","Delivery"
"Documentation was organized and comprehensive","Documentation"
"Customer service was available when needed and helpful","CustomerService"
"Communication was timely and effective","Communication"
"Sales team was attentive and knowledgeable","Sales"
"Booking was flexible and convenient","Booking"
"Maintenance advice was practical and clear","Maintenance"
"Product demo was informative and useful","ProductInfo"
"Delivery tracking was reliable and easy to use","Delivery"
"Documentation was complete and easy to follow","Documentation"
"Customer service was supportive and friendly","CustomerService"
"Communication channels were open and accessible","Communication"
"Sales team provided excellent support and guidance","Sales"
"Booking process was efficient and quick","Booking"
"Maintenance team explained all repairs clearly","Maintenance"
"Product brochure was detailed and informative","ProductInfo"
"Delivery was smooth and on time","Delivery"
"Documentation was accurate and comprehensive","Documentation"
"Customer service resolved issues promptly and efficiently","CustomerService"
"Communication was consistent and clear","Communication"
"Sales process was transparent and easy","Sales"
"Booking slots were available and flexible","Booking"
"Maintenance was thorough and professional","Maintenance"
"Product info matched the description and expectations","ProductInfo"
"Delivery instructions were clear and helpful","Delivery"
"Documentation was provided on time and was complete","Documentation"
"Customer service exceeded my expectations and was friendly","CustomerService"
"Communication was easy and effective","Communication"
"Sales team was knowledgeable and helpful","Sales"
"Booking confirmation was immediate and accurate","Booking"
"Maintenance staff were courteous and skilled","Maintenance"
"Product features were explained clearly and thoroughly","ProductInfo"
"Delivery was reliable and prompt","Delivery"
"Documentation was easy to understand and use","Documentation"
"Customer service was available 24/7 and responsive","CustomerService"
"Communication was prompt and professional","Communication"
"Sales team answered all questions thoroughly and clearly","Sales"
"Booking process was seamless and efficient","Booking"
"Maintenance advice was helpful and clear","Maintenance"
"Product demo was impressive and informative","ProductInfo"
"Delivery tracking was easy to use and accurate","Delivery"
"Documentation included all necessary forms and details","Documentation"
"Customer service followed up after purchase and was helpful","CustomerService"
"Communication channels were easily accessible and open","Communication"
"Sales team provided excellent guidance and support","Sales"
"Booking confirmation was quick and accurate","Booking"
"Maintenance team was knowledgeable and courteous","Maintenance"
"Product information was accurate and detailed","ProductInfo"
"Delivery staff were polite and professional","Delivery"
"Documentation was provided quickly and was comprehensive","Documentation"
"Customer service was friendly and supportive","CustomerService"
"Communication was regular and effective","Communication"
"Sales process was smooth and transparent","Sales"
"Booking was user-friendly and efficient","Booking"
"Maintenance team was skilled and prompt","Maintenance"
"Product info was comprehensive and clear","ProductInfo"
"Delivery was efficient and reliable","Delivery"
"Documentation was easy to follow and complete","Documentation"
"Customer service was excellent and attentive","CustomerService"
"Communication was effective and professional","Communication"
"Sales team was helpful and knowledgeable","Sales"
"Booking was convenient and flexible","Booking"
"Maintenance was professional and thorough","Maintenance"
"Product features were as described and useful","ProductInfo"
"Delivery was on time and smooth","Delivery"
"Documentation was complete and accurate","Documentation"
"Customer service was supportive and quick","CustomerService"
"Communication was timely and accessible","Communication"
"Sales process was efficient and easy","Sales"
"Booking was simple and quick","Booking"
"Maintenance team explained everything clearly","Maintenance"
"Product brochure was clear and informative","ProductInfo"
"Delivery tracking was accurate and easy to use","Delivery"
"Documentation process was straightforward and simple","Documentation"
"Customer service resolved issues quickly and efficiently","CustomerService"
"Communication channels were open and responsive","Communication"
"Sales team provided good advice and support","Sales"
"Booking confirmation was immediate and reliable","Booking"
"Maintenance was done efficiently and professionally","Maintenance"
"Product info matched expectations and was detailed","ProductInfo"
"Delivery team was punctual and professional","Delivery"
"Documentation was easy to follow and understand","Documentation"
"Customer service was attentive and friendly","CustomerService"
"Communication was accessible and clear","Communication"
"Sales team was knowledgeable and responsive","Sales"
"Booking changes were handled well and quickly","Booking"
"Maintenance was completed ahead of time and efficiently","Maintenance"
"Product brochure was informative and clear","ProductInfo"
"Delivery tracking was easy and accurate","Delivery"
"Documentation process was simple and straightforward","Documentation"
"Customer service was quick and reliable","CustomerService"
"Communication was straightforward and professional","Communication"
"Sales team provided guidance and support","Sales"
"Booking confirmation was fast and accurate","Booking"
"Maintenance was thorough and quick","Maintenance"
"Product features were clear and well explained","ProductInfo"
"Delivery was prompt and reliable","Delivery"
"Documentation was detailed and comprehensive","Documentation"
"Customer service was reliable and available","CustomerService"
"Communication was smooth and effective","Communication"
"Sales process was transparent and efficient","Sales"
"Booking was user-friendly and flexible","Booking"
"Maintenance team was skilled and courteous","Maintenance"
"Product info was comprehensive and accurate","ProductInfo"
"Delivery was efficient and on time","Delivery"
"Documentation was provided quickly and was complete","Documentation"
"Customer service was available 24/7 and helpful","CustomerService"
"Communication was regular and professional","Communication"
"Sales team was excellent and knowledgeable","Sales"
"Booking was flexible and convenient","Booking"
"Maintenance advice was clear and helpful","Maintenance"
"Product demo was useful and informative","ProductInfo"
"Delivery instructions were easy to follow and clear","Delivery"
"Documentation included all details and forms","Documentation"
"Customer service was friendly and helpful","CustomerService"
"Communication was professional and effective","Communication"
"Sales team answered questions and provided support","Sales"
"Booking process was easy and efficient","Booking"
"Maintenance team was courteous and skilled","Maintenance"
"Product warranty was explained and clear","ProductInfo"
"Delivery was completed on time and smoothly","Delivery"
"Documentation was easy to understand and complete","Documentation"